{"epoch": 19, "train_loss": 1.2963664531707764, "fold": 1, "_timestamp": 1717790122.3215759, "_runtime": 71.37733387947083, "_step": 97, "val_loss": 5.960463766996327e-08, "_wandb": {"runtime": 71}}